passenderID,survived,pclass,fare,embarked,class,deck,embark_town,alone
passenger338,1,3,8.05,S,Third,,Southampton,True
passenger821,1,3,8.6625,S,Third,,Southampton,True
passenger814,0,3,8.05,S,Third,,Southampton,True
passenger755,1,2,14.5,S,Second,,Southampton,False
passenger588,0,3,8.05,S,Third,,Southampton,True
passenger589,0,3,8.05,S,Third,,Southampton,True
passenger727,1,3,7.7375,Q,Third,,Queenstown,True
passenger880,1,2,26.0,S,Second,,Southampton,False
passenger545,0,1,26.0,S,First,,Southampton,True
passenger246,0,3,7.775,S,Third,,Southampton,True
passenger859,0,3,7.2292,C,Third,,Cherbourg,True
passenger3,1,1,53.1,S,First,C,Southampton,False
passenger578,0,3,14.4583,C,Third,,Cherbourg,False
passenger423,0,3,14.4,S,Third,,Southampton,False
passenger327,1,2,13.0,S,Second,D,Southampton,True
passenger882,0,3,10.5167,S,Third,,Southampton,True
passenger493,0,1,49.5042,C,First,,Cherbourg,True
passenger79,1,3,12.475,S,Third,,Southampton,True
passenger660,1,1,133.65,S,First,,Southampton,False
passenger559,1,3,17.4,S,Third,,Southampton,False
passenger800,0,2,13.0,S,Second,,Southampton,True
passenger638,0,3,39.6875,S,Third,,Southampton,False
passenger688,0,3,7.7958,S,Third,,Southampton,True
passenger263,0,1,0.0,S,First,B,Southampton,True
passenger590,0,3,7.125,S,Third,,Southampton,True
passenger556,1,1,39.6,C,First,A,Cherbourg,False
passenger355,0,3,9.5,S,Third,,Southampton,True
passenger749,0,3,7.75,Q,Third,,Queenstown,True
passenger261,1,3,31.3875,S,Third,,Southampton,False
passenger723,0,2,13.0,S,Second,,Southampton,True
passenger272,1,2,19.5,S,Second,,Southampton,False
passenger398,0,2,10.5,S,Second,,Southampton,True
passenger291,1,1,91.0792,C,First,B,Cherbourg,False
passenger317,0,2,14.0,S,Second,,Southampton,True
passenger97,1,1,63.3583,C,First,D,Cherbourg,False
passenger369,1,1,69.3,C,First,B,Cherbourg,True
passenger587,1,1,79.2,C,First,B,Cherbourg,False
passenger643,1,3,56.4958,S,Third,,Southampton,True
passenger885,0,3,29.125,Q,Third,,Queenstown,False
passenger303,1,2,12.35,Q,Second,E,Queenstown,True
passenger313,0,3,7.8958,S,Third,,Southampton,True
passenger109,1,3,24.15,Q,Third,,Queenstown,False
passenger336,0,1,66.6,S,First,C,Southampton,False
passenger384,0,3,7.8958,S,Third,,Southampton,True
passenger114,0,3,14.4583,C,Third,,Cherbourg,True
passenger452,0,1,27.75,C,First,C,Cherbourg,True
passenger791,0,2,26.0,S,Second,,Southampton,True
passenger401,0,3,8.05,S,Third,,Southampton,True
passenger742,1,1,262.375,C,First,B,Cherbourg,False
passenger792,0,3,69.55,S,Third,,Southampton,False
passenger837,0,3,8.05,S,Third,,Southampton,True
passenger702,0,3,14.4542,C,Third,,Cherbourg,False
passenger887,1,1,30.0,S,First,B,Southampton,True
passenger501,0,3,7.75,Q,Third,,Queenstown,True
passenger96,0,1,34.6542,C,First,A,Cherbourg,True
passenger326,0,3,6.2375,S,Third,,Southampton,True
passenger159,0,3,69.55,S,Third,,Southampton,False
passenger184,1,3,22.025,S,Third,,Southampton,False
passenger356,1,1,55.0,S,First,E,Southampton,False
passenger836,0,3,8.6625,S,Third,,Southampton,True
passenger666,0,2,13.0,S,Second,,Southampton,True
passenger566,0,3,7.8958,S,Third,,Southampton,True
passenger820,1,1,93.5,S,First,B,Southampton,False
passenger371,0,3,6.4958,S,Third,,Southampton,False
passenger254,0,3,20.2125,S,Third,,Southampton,False
passenger472,1,2,27.75,S,Second,,Southampton,False
passenger4,0,3,8.05,S,Third,,Southampton,True
passenger264,0,3,7.75,Q,Third,,Queenstown,True
passenger467,0,1,26.55,S,First,,Southampton,True
passenger582,0,2,26.0,S,Second,,Southampton,True
passenger122,0,2,30.0708,C,Second,,Cherbourg,False
passenger320,0,3,7.25,S,Third,,Southampton,True
passenger429,1,3,8.05,S,Third,E,Southampton,True
passenger576,1,2,13.0,S,Second,,Southampton,True
passenger583,0,1,40.125,C,First,A,Cherbourg,True
passenger519,0,3,7.8958,S,Third,,Southampton,True
passenger683,0,3,46.9,S,Third,,Southampton,False
passenger95,0,3,8.05,S,Third,,Southampton,True
passenger331,0,1,28.5,S,First,C,Southampton,True
passenger687,0,3,10.1708,S,Third,,Southampton,True
passenger52,1,1,76.7292,C,First,D,Cherbourg,False
passenger689,1,1,211.3375,S,First,B,Southampton,False
passenger94,0,3,7.25,S,Third,,Southampton,True
passenger522,0,3,7.225,C,Third,,Cherbourg,True
passenger563,0,3,8.05,S,Third,,Southampton,True
passenger9,1,2,30.0708,C,Second,,Cherbourg,False
passenger146,1,3,7.7958,S,Third,,Southampton,True
passenger152,0,3,8.05,S,Third,,Southampton,True
passenger569,1,3,7.8542,S,Third,,Southampton,True
passenger422,0,3,7.875,S,Third,,Southampton,True
passenger325,1,1,135.6333,C,First,C,Cherbourg,True
passenger212,0,3,7.25,S,Third,,Southampton,True
passenger768,0,3,24.15,Q,Third,,Queenstown,False
passenger532,0,3,7.2292,C,Third,,Cherbourg,False
passenger307,1,1,108.9,C,First,C,Cherbourg,False
passenger88,1,1,263.0,S,First,C,Southampton,False
passenger25,1,3,31.3875,S,Third,,Southampton,False
passenger233,1,3,31.3875,S,Third,,Southampton,False
passenger238,0,2,10.5,S,Second,,Southampton,True
passenger763,1,1,120.0,S,First,B,Southampton,False
passenger527,0,1,221.7792,S,First,C,Southampton,True
passenger315,1,3,7.8542,S,Third,,Southampton,True
passenger543,1,2,26.0,S,Second,,Southampton,False
passenger5,0,3,8.4583,Q,Third,,Queenstown,True
passenger328,1,3,20.525,S,Third,,Southampton,False
passenger726,1,2,21.0,S,Second,,Southampton,False
passenger546,1,2,26.0,S,Second,,Southampton,False
passenger135,0,2,15.0458,C,Second,,Cherbourg,True
passenger732,0,2,0.0,S,Second,,Southampton,True
passenger750,1,2,23.0,S,Second,,Southampton,False
passenger855,1,3,9.35,S,Third,,Southampton,False
passenger728,0,2,26.0,S,Second,,Southampton,False
passenger31,1,1,146.5208,C,First,B,Cherbourg,False
passenger162,0,3,7.775,S,Third,,Southampton,True
passenger302,0,3,0.0,S,Third,,Southampton,True
passenger710,1,1,49.5042,C,First,C,Cherbourg,True
passenger881,0,3,7.8958,S,Third,,Southampton,True
passenger525,0,3,7.75,Q,Third,,Queenstown,True
passenger514,0,3,7.4958,S,Third,,Southampton,True
passenger738,0,3,7.8958,S,Third,,Southampton,True
passenger488,0,3,8.05,S,Third,,Southampton,True
passenger156,1,3,7.7333,Q,Third,,Queenstown,True
passenger396,0,3,7.8542,S,Third,,Southampton,True
passenger45,0,3,8.05,S,Third,,Southampton,True
passenger601,0,3,7.8958,S,Third,,Southampton,True
passenger382,0,3,7.925,S,Third,,Southampton,True
passenger61,1,1,80.0,,First,B,,True
passenger700,1,1,227.525,C,First,C,Cherbourg,False
passenger615,1,2,65.0,S,Second,,Southampton,False
passenger678,0,3,46.9,S,Third,,Southampton,False
passenger249,0,2,26.0,S,Second,,Southampton,False
passenger62,0,1,83.475,S,First,C,Southampton,False
passenger54,0,1,61.9792,C,First,B,Cherbourg,False
passenger857,1,1,26.55,S,First,E,Southampton,True
passenger130,0,3,7.8958,C,Third,,Cherbourg,True
passenger257,1,1,86.5,S,First,B,Southampton,True
passenger375,1,1,82.1708,C,First,,Cherbourg,False
passenger81,1,3,9.5,S,Third,,Southampton,True
passenger645,1,1,76.7292,C,First,D,Cherbourg,False
passenger886,0,2,13.0,S,Second,,Southampton,True
passenger86,0,3,34.375,S,Third,,Southampton,False
passenger324,0,3,69.55,S,Third,,Southampton,False
passenger448,1,3,19.2583,C,Third,,Cherbourg,False
passenger378,0,3,4.0125,C,Third,,Cherbourg,True
passenger142,1,3,15.85,S,Third,,Southampton,False
passenger724,1,1,53.1,S,First,E,Southampton,False
passenger296,0,3,7.2292,C,Third,,Cherbourg,True
passenger255,1,3,15.2458,C,Third,,Cherbourg,False
passenger67,0,3,8.1583,S,Third,,Southampton,True
passenger335,0,3,7.8958,S,Third,,Southampton,True
passenger138,0,3,9.2167,S,Third,,Southampton,True
passenger413,0,2,0.0,S,Second,,Southampton,True
passenger50,0,3,39.6875,S,Third,,Southampton,False
passenger200,0,3,9.5,S,Third,,Southampton,True
passenger854,0,2,26.0,S,Second,,Southampton,False
passenger218,1,1,76.2917,C,First,D,Cherbourg,True
passenger889,1,1,30.0,C,First,C,Cherbourg,True
passenger392,0,3,7.925,S,Third,,Southampton,False
passenger155,0,1,61.3792,C,First,,Cherbourg,False
passenger510,1,3,7.75,Q,Third,,Queenstown,True
passenger681,1,1,76.7292,C,First,D,Cherbourg,True
passenger402,0,3,9.825,S,Third,,Southampton,False
passenger528,0,3,7.925,S,Third,,Southampton,True
passenger359,1,3,7.8792,Q,Third,,Queenstown,True
passenger580,1,2,30.0,S,Second,,Southampton,False
passenger557,0,1,227.525,C,First,,Cherbourg,True
passenger701,1,1,26.2875,S,First,E,Southampton,True
passenger57,0,3,7.2292,C,Third,,Cherbourg,True
passenger523,1,1,57.9792,C,First,B,Cherbourg,False
passenger305,1,1,151.55,S,First,C,Southampton,False
passenger204,1,3,8.05,S,Third,,Southampton,True
passenger560,0,3,7.75,Q,Third,,Queenstown,True
passenger183,1,2,39.0,S,Second,F,Southampton,False
passenger22,1,3,8.0292,Q,Third,,Queenstown,True
passenger781,1,1,57.0,S,First,B,Southampton,False
passenger765,1,1,77.9583,S,First,D,Southampton,False
passenger771,0,3,7.8542,S,Third,,Southampton,True
passenger65,1,3,15.2458,C,Third,,Cherbourg,False
passenger516,1,2,10.5,S,Second,F,Southampton,True
passenger722,0,2,13.0,S,Second,,Southampton,True
passenger670,1,2,39.0,S,Second,,Southampton,False
passenger485,0,3,25.4667,S,Third,,Southampton,False
passenger635,1,2,13.0,S,Second,,Southampton,True
passenger455,1,3,7.8958,C,Third,,Cherbourg,True
passenger595,0,3,24.15,S,Third,,Southampton,False
passenger318,1,1,164.8667,S,First,C,Southampton,False
passenger737,1,1,512.3292,C,First,B,Cherbourg,True
passenger436,0,3,34.375,S,Third,,Southampton,False
passenger819,0,3,27.9,S,Third,,Southampton,False
passenger561,0,3,7.8958,S,Third,,Southampton,True
passenger618,1,2,39.0,S,Second,F,Southampton,False
passenger297,0,1,151.55,S,First,C,Southampton,False
passenger243,0,3,7.125,S,Third,,Southampton,True
passenger341,1,1,263.0,S,First,C,Southampton,False
passenger655,0,2,73.5,S,Second,,Southampton,False
passenger511,0,3,8.05,S,Third,,Southampton,True
passenger283,1,3,8.05,S,Third,,Southampton,True
passenger289,1,3,7.75,Q,Third,,Queenstown,True
passenger205,0,3,10.4625,S,Third,G,Southampton,False
passenger540,1,1,71.0,S,First,B,Southampton,False
passenger833,0,3,7.8542,S,Third,,Southampton,True
passenger275,1,1,77.9583,S,First,D,Southampton,False
passenger187,1,1,26.55,S,First,,Southampton,True
passenger801,1,2,26.25,S,Second,,Southampton,False
passenger486,1,1,90.0,S,First,C,Southampton,False
passenger222,0,3,8.05,S,Third,,Southampton,True
passenger475,0,1,52.0,S,First,A,Southampton,True
passenger118,0,1,247.5208,C,First,B,Cherbourg,False
passenger544,0,1,106.425,C,First,C,Cherbourg,False
passenger253,0,3,16.1,S,Third,,Southampton,False
passenger600,1,2,27.0,S,Second,,Southampton,False
passenger747,1,2,13.0,S,Second,,Southampton,True
passenger389,1,2,12.0,C,Second,,Cherbourg,True
passenger321,0,3,7.8958,S,Third,,Southampton,True
passenger349,0,3,8.6625,S,Third,,Southampton,True
passenger362,0,3,14.4542,C,Third,,Cherbourg,False
passenger440,1,2,26.25,S,Second,,Southampton,False
passenger147,0,3,34.375,S,Third,,Southampton,False
passenger879,1,1,83.1583,C,First,C,Cherbourg,False
passenger539,1,1,49.5,C,First,B,Cherbourg,False
passenger311,1,1,262.375,C,First,B,Cherbourg,False
passenger720,1,2,33.0,S,Second,,Southampton,False
passenger203,0,3,7.225,C,Third,,Cherbourg,True
passenger34,0,1,82.1708,C,First,,Cherbourg,False
passenger757,0,2,11.5,S,Second,,Southampton,True
passenger192,1,3,7.8542,S,Third,,Southampton,False
passenger521,0,3,7.8958,S,Third,,Southampton,True
passenger795,0,2,13.0,S,Second,,Southampton,True
passenger274,1,3,7.75,Q,Third,,Queenstown,True
passenger53,1,2,26.0,S,Second,,Southampton,False
passenger32,1,3,7.75,Q,Third,,Queenstown,True
passenger608,1,2,41.5792,C,Second,,Cherbourg,False
passenger679,1,1,512.3292,C,First,B,Cherbourg,False
passenger370,1,1,55.4417,C,First,E,Cherbourg,False
passenger586,0,2,15.0,S,Second,,Southampton,True
passenger770,0,3,9.5,S,Third,,Southampton,True
passenger804,1,3,6.975,S,Third,,Southampton,True
passenger548,0,3,20.525,S,Third,,Southampton,False
passenger805,0,3,7.775,S,Third,,Southampton,True
passenger789,0,1,79.2,C,First,B,Cherbourg,True
passenger300,1,3,7.75,Q,Third,,Queenstown,True
passenger598,0,3,7.225,C,Third,,Cherbourg,True
passenger764,0,3,7.775,S,Third,,Southampton,True
passenger129,0,3,6.975,S,Third,,Southampton,True
passenger365,0,3,7.25,S,Third,,Southampton,True
passenger75,0,3,7.65,S,Third,F,Southampton,True
passenger415,0,3,8.05,S,Third,,Southampton,True
passenger140,0,3,15.2458,C,Third,,Cherbourg,False
passenger207,1,3,18.7875,C,Third,,Cherbourg,True
passenger383,1,1,52.0,S,First,,Southampton,False
passenger158,0,3,8.6625,S,Third,,Southampton,True
passenger209,1,1,31.0,C,First,A,Cherbourg,True
passenger39,1,3,11.2417,C,Third,,Cherbourg,False
passenger35,0,1,52.0,S,First,,Southampton,False
passenger196,0,3,7.75,Q,Third,,Queenstown,True
passenger835,1,1,83.1583,C,First,E,Cherbourg,False
passenger513,1,1,59.4,C,First,,Cherbourg,False
passenger165,1,3,20.525,S,Third,,Southampton,False
passenger248,1,1,52.5542,S,First,D,Southampton,False
passenger395,0,3,7.7958,S,Third,,Southampton,True
passenger319,1,1,134.5,C,First,E,Cherbourg,False
passenger151,1,1,66.6,S,First,C,Southampton,False
passenger314,0,2,26.25,S,Second,,Southampton,False
passenger706,1,2,13.5,S,Second,,Southampton,True
passenger407,1,2,18.75,S,Second,,Southampton,False
passenger330,1,3,23.25,Q,Third,,Queenstown,False
passenger636,0,3,7.925,S,Third,,Southampton,True
passenger538,0,3,14.5,S,Third,,Southampton,True
passenger632,1,1,30.5,C,First,B,Cherbourg,True
passenger570,1,2,10.5,S,Second,,Southampton,True
passenger607,1,1,30.5,S,First,,Southampton,True
passenger748,0,1,53.1,S,First,D,Southampton,False
passenger182,0,3,31.3875,S,Third,,Southampton,False
passenger344,0,2,13.0,S,Second,,Southampton,True
passenger786,1,3,7.4958,S,Third,,Southampton,True
passenger58,1,2,27.75,S,Second,,Southampton,False
passenger741,0,1,78.85,S,First,C,Southampton,False
passenger181,0,2,15.05,C,Second,,Cherbourg,True
passenger646,0,3,7.8958,S,Third,,Southampton,True
passenger674,0,2,0.0,S,Second,,Southampton,True
passenger316,1,2,26.0,S,Second,,Southampton,False
passenger693,0,3,7.225,C,Third,,Cherbourg,True
passenger19,1,3,7.225,C,Third,,Cherbourg,True
passenger477,0,3,7.0458,S,Third,,Southampton,False
passenger502,0,3,7.6292,Q,Third,,Queenstown,True
passenger412,1,1,90.0,Q,First,C,Queenstown,False
passenger719,0,3,7.775,S,Third,,Southampton,True
passenger508,0,3,22.525,S,Third,,Southampton,True
passenger807,0,3,7.775,S,Third,,Southampton,True
passenger235,0,3,7.55,S,Third,,Southampton,True
passenger236,0,2,26.0,S,Second,,Southampton,False
passenger173,0,3,7.925,S,Third,,Southampton,True
passenger380,1,1,227.525,C,First,,Cherbourg,True
passenger117,0,2,21.0,S,Second,,Southampton,False
passenger462,0,1,38.5,S,First,E,Southampton,True
passenger287,0,3,7.8958,S,Third,,Southampton,True
passenger492,0,1,30.5,S,First,C,Southampton,True
passenger504,1,1,86.5,S,First,B,Southampton,True
passenger177,0,1,28.7125,C,First,C,Cherbourg,True
passenger597,0,3,0.0,S,Third,,Southampton,True
passenger729,0,3,7.925,S,Third,,Southampton,False
passenger740,1,1,30.0,S,First,D,Southampton,True
passenger651,1,2,23.0,S,Second,,Southampton,False
passenger653,1,3,7.8292,Q,Third,,Queenstown,True
passenger425,0,3,7.25,S,Third,,Southampton,True
passenger640,0,3,7.8542,S,Third,,Southampton,True
passenger136,1,1,26.2833,S,First,D,Southampton,False
passenger840,0,3,7.925,S,Third,,Southampton,True
passenger288,1,2,13.0,S,Second,,Southampton,True
passenger364,0,3,15.5,Q,Third,,Queenstown,False
passenger809,1,1,53.1,S,First,E,Southampton,False
passenger806,0,1,0.0,S,First,A,Southampton,True
passenger17,1,2,13.0,S,Second,,Southampton,True
passenger780,1,3,7.2292,C,Third,,Cherbourg,True
passenger376,1,3,7.25,S,Third,,Southampton,True
passenger858,1,3,19.2583,C,Third,,Cherbourg,False
passenger483,1,3,9.5875,S,Third,,Southampton,True
passenger769,0,3,8.3625,S,Third,,Southampton,True
passenger213,0,2,13.0,S,Second,,Southampton,True
passenger672,0,2,10.5,S,Second,,Southampton,True
passenger64,0,1,27.7208,C,First,,Cherbourg,True
passenger759,1,1,86.5,S,First,B,Southampton,True
passenger112,0,3,8.05,S,Third,,Southampton,True
passenger166,1,1,55.0,S,First,E,Southampton,False
passenger520,1,1,93.5,S,First,B,Southampton,True
passenger251,0,3,10.4625,S,Third,G,Southampton,False
passenger614,0,3,8.05,S,Third,,Southampton,True
passenger684,0,2,39.0,S,Second,,Southampton,False
passenger27,0,1,263.0,S,First,C,Southampton,False
passenger290,1,1,78.85,S,First,,Southampton,True
passenger505,0,1,108.9,C,First,C,Cherbourg,False
passenger408,0,3,7.775,S,Third,,Southampton,True
passenger44,1,3,7.8792,Q,Third,,Queenstown,True
passenger393,1,1,113.275,C,First,D,Cherbourg,False
passenger500,0,3,8.6625,S,Third,,Southampton,True
passenger342,0,2,13.0,S,Second,,Southampton,True
passenger603,0,3,8.05,S,Third,,Southampton,True
passenger197,0,3,8.4042,S,Third,,Southampton,False
passenger822,0,1,0.0,S,First,,Southampton,True
passenger713,0,3,9.4833,S,Third,,Southampton,True
passenger733,0,2,13.0,S,Second,,Southampton,True
passenger397,0,2,26.0,S,Second,,Southampton,True
passenger497,0,3,15.1,S,Third,,Southampton,True
passenger851,0,3,7.775,S,Third,,Southampton,True
passenger127,1,3,7.1417,S,Third,,Southampton,True
passenger92,0,1,61.175,S,First,E,Southampton,False
passenger861,0,2,11.5,S,Second,,Southampton,False
passenger84,1,2,10.5,S,Second,,Southampton,True
passenger73,0,3,14.4542,C,Third,,Cherbourg,False
passenger875,1,3,7.225,C,Third,,Cherbourg,True
passenger69,0,3,8.6625,S,Third,,Southampton,False
passenger553,1,3,7.225,C,Third,,Cherbourg,True
passenger631,0,3,7.0542,S,Third,,Southampton,True
passenger55,1,1,35.5,S,First,C,Southampton,True
passenger649,1,3,7.55,S,Third,,Southampton,True
passenger250,0,3,7.25,S,Third,,Southampton,True
passenger295,0,1,27.7208,C,First,,Cherbourg,True
passenger839,1,1,29.7,C,First,C,Cherbourg,True
passenger685,0,2,41.5792,C,Second,,Cherbourg,False
passenger665,0,2,73.5,S,Second,,Southampton,False
passenger273,0,1,29.7,C,First,C,Cherbourg,False
passenger627,1,1,77.9583,S,First,D,Southampton,True
passenger374,0,3,21.075,S,Third,,Southampton,False
passenger661,0,3,7.225,C,Third,,Cherbourg,True
passenger432,1,2,26.0,S,Second,,Southampton,False
passenger358,1,3,7.8792,Q,Third,,Queenstown,True
passenger15,1,2,16.0,S,Second,,Southampton,True
passenger280,0,3,7.75,Q,Third,,Queenstown,True
passenger107,1,3,7.775,S,Third,,Southampton,True
passenger524,0,3,7.2292,C,Third,,Cherbourg,True
passenger838,1,3,56.4958,S,Third,,Southampton,True
passenger447,1,1,26.55,S,First,,Southampton,True
passenger394,1,3,16.7,S,Third,G,Southampton,False
passenger247,1,2,14.5,S,Second,,Southampton,False
passenger379,0,3,7.775,S,Third,,Southampton,True
passenger564,0,3,8.05,S,Third,,Southampton,True
passenger860,0,3,14.1083,S,Third,,Southampton,False
passenger620,0,3,14.4542,C,Third,,Cherbourg,False
passenger178,0,2,13.0,S,Second,,Southampton,True
passenger867,0,1,50.4958,S,First,A,Southampton,True
passenger216,1,3,7.925,S,Third,,Southampton,True
passenger517,0,3,24.15,Q,Third,,Queenstown,True
passenger890,0,3,7.75,Q,Third,,Queenstown,True
passenger210,0,3,7.05,S,Third,,Southampton,True
passenger404,0,3,8.6625,S,Third,,Southampton,True
passenger285,0,3,8.6625,C,Third,,Cherbourg,True
passenger841,0,2,10.5,S,Second,,Southampton,True
passenger818,0,3,6.45,S,Third,,Southampton,True
passenger796,1,1,25.9292,S,First,D,Southampton,True
passenger745,0,1,71.0,S,First,B,Southampton,False
passenger785,0,3,7.25,S,Third,,Southampton,True
passenger613,0,3,7.75,Q,Third,,Queenstown,True
passenger694,0,1,26.55,S,First,,Southampton,True
passenger38,0,3,18.0,S,Third,,Southampton,False
passenger459,0,3,7.75,Q,Third,,Queenstown,True
passenger870,0,3,7.8958,S,Third,,Southampton,True
passenger644,1,3,19.2583,C,Third,,Cherbourg,False
passenger868,0,3,9.5,S,Third,,Southampton,True
passenger244,0,3,7.225,C,Third,,Cherbourg,True
passenger441,0,3,9.5,S,Third,,Southampton,True
passenger231,0,3,7.775,S,Third,,Southampton,True
passenger498,0,1,151.55,S,First,C,Southampton,False
passenger610,0,3,31.275,S,Third,,Southampton,False
passenger157,0,3,8.05,S,Third,,Southampton,True
passenger623,0,3,7.8542,S,Third,,Southampton,True
passenger100,0,3,7.8958,S,Third,,Southampton,True
passenger456,0,1,26.55,S,First,E,Southampton,True
passenger144,0,2,11.5,S,Second,,Southampton,True
passenger361,0,2,27.7208,C,Second,,Cherbourg,False
passenger594,0,2,26.0,S,Second,,Southampton,False
passenger406,0,3,7.75,S,Third,,Southampton,True
passenger581,1,1,110.8833,C,First,C,Cherbourg,False
passenger481,0,2,0.0,S,Second,,Southampton,True
passenger308,0,2,24.0,C,Second,,Cherbourg,False
passenger40,0,3,9.475,S,Third,,Southampton,False
passenger677,1,3,9.8417,S,Third,,Southampton,True
passenger245,0,1,90.0,Q,First,C,Queenstown,False
passenger484,1,1,91.0792,C,First,B,Cherbourg,False
passenger541,0,3,31.275,S,Third,,Southampton,False
passenger705,0,2,26.0,S,Second,,Southampton,True
passenger535,1,2,26.25,S,Second,,Southampton,False
passenger568,0,3,7.2292,C,Third,,Cherbourg,True
passenger537,1,1,106.425,C,First,,Cherbourg,True
passenger550,1,1,110.8833,C,First,C,Cherbourg,False
passenger725,0,3,8.6625,S,Third,,Southampton,True
passenger872,0,1,5.0,S,First,B,Southampton,True
passenger258,1,1,512.3292,C,First,,Cherbourg,True
passenger323,1,2,29.0,S,Second,,Southampton,False
passenger373,0,1,135.6333,C,First,,Cherbourg,True
passenger339,0,1,35.5,S,First,,Southampton,True
passenger828,1,3,7.75,Q,Third,,Queenstown,True
passenger293,0,3,8.85,S,Third,,Southampton,True
passenger652,0,3,8.4333,S,Third,,Southampton,True
passenger343,0,2,13.0,S,Second,,Southampton,True
passenger621,1,1,52.5542,S,First,D,Southampton,False
passenger562,0,2,13.5,S,Second,,Southampton,True
passenger149,0,2,13.0,S,Second,,Southampton,True
passenger650,0,3,7.8958,S,Third,,Southampton,True
passenger211,1,2,21.0,S,Second,,Southampton,True
passenger242,0,2,10.5,S,Second,,Southampton,True
passenger24,0,3,21.075,S,Third,,Southampton,False
passenger599,1,1,56.9292,C,First,A,Cherbourg,False
passenger612,1,3,15.5,Q,Third,,Queenstown,False
passenger624,0,3,16.1,S,Third,,Southampton,True
passenger526,1,2,10.5,S,Second,,Southampton,True
passenger66,1,2,10.5,S,Second,F,Southampton,True
passenger131,0,3,7.05,S,Third,,Southampton,True
passenger717,1,2,10.5,S,Second,E,Southampton,True
passenger377,0,1,211.5,C,First,C,Cherbourg,False
passenger78,1,2,29.0,S,Second,,Southampton,False
passenger474,0,3,9.8375,S,Third,,Southampton,True
passenger715,0,3,7.65,S,Third,F,Southampton,True
passenger312,0,2,26.0,S,Second,,Southampton,False
passenger709,1,3,15.2458,C,Third,,Cherbourg,False
passenger56,1,2,10.5,S,Second,,Southampton,True
passenger427,1,2,26.0,S,Second,,Southampton,True
passenger322,1,2,12.35,Q,Second,,Queenstown,True
passenger878,0,3,7.8958,S,Third,,Southampton,True
passenger490,0,3,19.9667,S,Third,,Southampton,False
passenger668,0,3,8.05,S,Third,,Southampton,True
passenger310,1,1,83.1583,C,First,C,Cherbourg,True
passenger509,1,3,56.4958,S,Third,,Southampton,True
passenger767,0,3,7.75,Q,Third,,Queenstown,True
passenger712,1,1,52.0,S,First,C,Southampton,False
passenger113,0,3,9.825,S,Third,,Southampton,False
passenger760,0,3,14.5,S,Third,,Southampton,True
passenger445,1,1,81.8583,S,First,A,Southampton,False
passenger663,0,3,7.4958,S,Third,,Southampton,True
passenger834,0,3,8.3,S,Third,,Southampton,True
passenger682,0,3,9.225,S,Third,,Southampton,True
passenger676,0,3,8.05,S,Third,,Southampton,True
passenger150,0,2,12.525,S,Second,,Southampton,True
passenger751,1,3,12.475,S,Third,E,Southampton,False
passenger420,0,3,7.8958,C,Third,,Cherbourg,True
passenger667,0,3,7.775,S,Third,,Southampton,True
passenger230,1,1,83.475,S,First,C,Southampton,False
passenger830,1,3,14.4542,C,Third,,Cherbourg,False
passenger451,0,3,19.9667,S,Third,,Southampton,False
passenger533,1,3,22.3583,C,Third,,Cherbourg,False
passenger743,0,3,16.1,S,Third,,Southampton,False
passenger262,0,1,79.65,S,First,E,Southampton,False
passenger190,1,2,13.0,S,Second,,Southampton,True
passenger128,1,3,22.3583,C,Third,F,Cherbourg,False
passenger744,1,3,7.925,S,Third,,Southampton,True
passenger446,1,2,19.5,S,Second,,Southampton,False
passenger41,0,2,21.0,S,Second,,Southampton,False
passenger80,0,3,9.0,S,Third,,Southampton,True
passenger736,0,3,34.375,S,Third,,Southampton,False
passenger617,0,3,16.1,S,Third,,Southampton,False
passenger148,0,2,26.0,S,Second,F,Southampton,False
passenger454,0,3,8.05,S,Third,,Southampton,True
passenger883,0,2,10.5,S,Second,,Southampton,True
passenger175,0,3,7.8542,S,Third,,Southampton,False
passenger72,0,2,73.5,S,Second,,Southampton,True
passenger176,0,3,25.4667,S,Third,,Southampton,False
passenger63,0,3,27.9,S,Third,,Southampton,False
passenger329,1,1,57.9792,C,First,B,Cherbourg,False
passenger489,1,3,15.9,S,Third,,Southampton,False
passenger692,1,3,56.4958,S,Third,,Southampton,True
passenger386,0,3,46.9,S,Third,,Southampton,False
passenger180,0,3,69.55,S,Third,,Southampton,False
passenger625,0,1,32.3208,S,First,D,Southampton,True
passenger353,0,3,17.8,S,Third,,Southampton,False
passenger471,0,3,8.6625,S,Third,,Southampton,True
passenger8,1,3,11.1333,S,Third,,Southampton,False
passenger671,0,1,52.0,S,First,B,Southampton,False
passenger824,0,3,39.6875,S,Third,,Southampton,False
passenger267,1,3,7.775,S,Third,,Southampton,False
passenger697,1,3,7.7333,Q,Third,,Queenstown,True
passenger876,0,3,9.8458,S,Third,,Southampton,True
passenger482,0,3,8.05,S,Third,,Southampton,True
passenger354,0,3,7.225,C,Third,,Cherbourg,True
passenger189,0,3,7.8958,S,Third,,Southampton,True
passenger304,0,3,8.05,S,Third,,Southampton,True
passenger567,0,3,21.075,S,Third,,Southampton,False
passenger592,0,3,7.25,S,Third,,Southampton,True
passenger476,0,2,21.0,S,Second,,Southampton,False
passenger784,0,3,7.05,S,Third,,Southampton,True
passenger783,0,3,23.45,S,Third,,Southampton,False
passenger551,0,2,26.0,S,Second,,Southampton,True
passenger478,0,3,7.5208,S,Third,,Southampton,True
passenger565,0,3,24.15,S,Third,,Southampton,False
passenger799,0,3,24.15,S,Third,,Southampton,False
passenger731,0,3,18.7875,C,Third,,Cherbourg,True
passenger43,1,2,41.5792,C,Second,,Cherbourg,False
passenger333,0,3,18.0,S,Third,,Southampton,False
passenger388,0,3,7.7292,Q,Third,,Queenstown,True
passenger26,0,3,7.225,C,Third,,Cherbourg,True
passenger332,0,1,153.4625,S,First,C,Southampton,False
passenger888,0,3,23.45,S,Third,,Southampton,False
passenger790,0,3,7.75,Q,Third,,Queenstown,True
passenger106,1,3,7.65,S,Third,,Southampton,True
passenger531,0,3,7.2292,C,Third,,Cherbourg,True
passenger60,0,3,7.2292,C,Third,,Cherbourg,True
passenger409,0,3,25.4667,S,Third,,Southampton,False
passenger143,0,3,6.75,Q,Third,,Queenstown,True
passenger846,0,3,69.55,S,Third,,Southampton,False
passenger788,1,3,20.575,S,Third,,Southampton,False
passenger169,0,3,56.4958,S,Third,,Southampton,True
passenger503,0,3,9.5875,S,Third,,Southampton,True
passenger591,1,1,78.2667,C,First,D,Cherbourg,False
passenger71,0,3,46.9,S,Third,,Southampton,False
passenger282,0,3,9.5,S,Third,,Southampton,True
passenger735,0,3,16.1,S,Third,,Southampton,True
passenger10,1,3,16.7,S,Third,G,Southampton,False
passenger116,0,3,7.75,Q,Third,,Queenstown,True
passenger372,0,3,8.05,S,Third,,Southampton,True
passenger240,0,3,14.4542,C,Third,,Cherbourg,False
passenger294,0,3,7.8958,S,Third,,Southampton,True
passenger416,1,2,32.5,S,Second,,Southampton,False
passenger856,1,1,164.8667,S,First,,Southampton,False
passenger115,0,3,7.925,S,Third,,Southampton,True
passenger787,0,3,29.125,Q,Third,,Queenstown,False
passenger464,0,3,8.05,S,Third,,Southampton,True
passenger428,0,3,7.75,Q,Third,,Queenstown,True
passenger575,0,3,14.5,S,Third,,Southampton,True
passenger845,0,3,7.55,S,Third,,Southampton,True
passenger217,0,2,27.0,S,Second,,Southampton,False
passenger29,0,3,7.8958,S,Third,,Southampton,True
passenger387,1,2,13.0,S,Second,,Southampton,True
passenger658,0,2,13.0,S,Second,,Southampton,True
passenger99,0,2,26.0,S,Second,,Southampton,False
passenger87,0,3,8.05,S,Third,,Southampton,True
passenger468,0,3,7.725,Q,Third,,Queenstown,True
passenger417,1,2,13.0,S,Second,,Southampton,False
passenger278,0,3,29.125,Q,Third,,Queenstown,False
passenger260,0,3,7.75,Q,Third,,Queenstown,True
passenger215,1,1,113.275,C,First,D,Cherbourg,False
passenger284,0,1,26.0,S,First,A,Southampton,True
passenger439,0,2,10.5,S,Second,,Southampton,True
passenger36,1,3,7.2292,C,Third,,Cherbourg,True
passenger281,0,3,7.8542,S,Third,,Southampton,True
passenger734,0,2,13.0,S,Second,,Southampton,True
passenger0,0,3,7.25,S,Third,,Southampton,False
passenger433,0,3,7.125,S,Third,,Southampton,True
passenger90,0,3,8.05,S,Third,,Southampton,True
passenger850,0,3,31.275,S,Third,,Southampton,False
passenger793,0,1,30.6958,C,First,,Cherbourg,True
passenger49,0,3,17.8,S,Third,,Southampton,False
passenger534,0,3,8.6625,S,Third,,Southampton,True
passenger431,1,3,16.1,S,Third,,Southampton,False
passenger85,1,3,15.85,S,Third,,Southampton,False
passenger506,1,2,26.0,S,Second,,Southampton,False
passenger229,0,3,25.4667,S,Third,,Southampton,False
passenger499,0,3,7.7958,S,Third,,Southampton,True
passenger609,1,1,153.4625,S,First,C,Southampton,True
passenger622,1,3,15.7417,C,Third,,Cherbourg,False
passenger13,0,3,31.275,S,Third,,Southampton,False
passenger449,1,1,30.5,S,First,C,Southampton,True
passenger628,0,3,7.8958,S,Third,,Southampton,True
passenger797,1,3,8.6833,S,Third,,Southampton,True
passenger862,1,1,25.9292,S,First,D,Southampton,True
passenger579,1,3,7.925,S,Third,,Southampton,True
passenger469,1,3,19.2583,C,Third,,Cherbourg,False
passenger512,1,1,26.2875,S,First,E,Southampton,True
passenger782,0,1,30.0,S,First,D,Southampton,True
passenger865,1,2,13.0,S,Second,,Southampton,True
passenger803,1,3,8.5167,C,Third,,Cherbourg,False
passenger252,0,1,26.55,S,First,C,Southampton,True
passenger648,0,3,7.55,S,Third,,Southampton,True
passenger126,0,3,7.75,Q,Third,,Queenstown,True
passenger188,0,3,15.5,Q,Third,,Queenstown,False
passenger83,0,1,47.1,S,First,,Southampton,True
passenger778,0,3,7.7375,Q,Third,,Queenstown,True
passenger201,0,3,69.55,S,Third,,Southampton,False
passenger616,0,3,14.4,S,Third,,Southampton,False
passenger28,1,3,7.8792,Q,Third,,Queenstown,True
passenger132,0,3,14.5,S,Third,,Southampton,False
passenger611,0,3,7.05,S,Third,,Southampton,True
passenger866,1,2,13.8583,C,Second,,Cherbourg,False
passenger435,1,1,120.0,S,First,B,Southampton,False
passenger89,0,3,8.05,S,Third,,Southampton,True
passenger2,1,3,7.925,S,Third,,Southampton,True
passenger241,1,3,15.5,Q,Third,,Queenstown,False
passenger421,0,3,7.7333,Q,Third,,Queenstown,True
passenger345,1,2,13.0,S,Second,F,Southampton,True
passenger577,1,1,55.9,S,First,E,Southampton,False
passenger507,1,1,26.55,S,First,,Southampton,True
passenger208,1,3,7.75,Q,Third,,Queenstown,True
passenger111,0,3,14.4542,C,Third,,Cherbourg,False
passenger659,0,1,113.275,C,First,D,Cherbourg,False
passenger206,0,3,15.85,S,Third,,Southampton,False
passenger536,0,1,26.55,S,First,B,Southampton,True
passenger877,0,3,7.8958,S,Third,,Southampton,True
passenger746,0,3,20.25,S,Third,,Southampton,False
passenger695,0,2,13.5,S,Second,,Southampton,True
passenger46,0,3,15.5,Q,Third,,Queenstown,False
passenger762,1,3,7.2292,C,Third,,Cherbourg,True
passenger68,1,3,7.925,S,Third,,Southampton,False
passenger794,0,3,7.8958,S,Third,,Southampton,True
passenger226,1,2,10.5,S,Second,,Southampton,True
passenger214,0,3,7.75,Q,Third,,Queenstown,False
passenger458,1,2,10.5,S,Second,,Southampton,True
passenger185,0,1,50.0,S,First,A,Southampton,True
passenger626,0,2,12.35,Q,Second,,Queenstown,True
passenger101,0,3,7.8958,S,Third,,Southampton,True
passenger690,1,1,57.0,S,First,B,Southampton,False
passenger14,0,3,7.8542,S,Third,,Southampton,True
passenger884,0,3,7.05,S,Third,,Southampton,True
passenger823,1,3,12.475,S,Third,E,Southampton,False
passenger119,0,3,31.275,S,Third,,Southampton,False
passenger691,1,3,13.4167,C,Third,,Cherbourg,False
passenger168,0,1,25.925,S,First,,Southampton,True
passenger811,0,3,24.15,S,Third,,Southampton,True
passenger756,0,3,7.7958,S,Third,,Southampton,True
passenger337,1,1,134.5,C,First,E,Cherbourg,True
passenger103,0,3,8.6542,S,Third,,Southampton,True
passenger16,0,3,29.125,Q,Third,,Queenstown,False
passenger442,0,3,7.775,S,Third,,Southampton,False
passenger802,1,1,120.0,S,First,B,Southampton,False
passenger276,0,3,7.75,S,Third,,Southampton,True
passenger403,0,3,15.85,S,Third,,Southampton,False
passenger656,0,3,7.8958,S,Third,,Southampton,True
passenger360,0,3,27.9,S,Third,,Southampton,False
passenger711,0,1,26.55,S,First,C,Southampton,True
passenger399,1,2,12.65,S,Second,,Southampton,True
passenger172,1,3,11.1333,S,Third,,Southampton,False
passenger657,0,3,15.5,Q,Third,,Queenstown,False
passenger279,1,3,20.25,S,Third,,Southampton,False
passenger160,0,3,16.1,S,Third,,Southampton,False
passenger798,0,3,7.2292,C,Third,,Cherbourg,True
passenger730,1,1,211.3375,S,First,B,Southampton,True
passenger596,1,2,33.0,S,Second,,Southampton,True
passenger1,1,1,71.2833,C,First,C,Cherbourg,False
passenger654,0,3,6.75,Q,Third,,Queenstown,True
passenger542,0,3,31.275,S,Third,,Southampton,False
passenger74,1,3,56.4958,S,Third,,Southampton,True
passenger265,0,2,10.5,S,Second,,Southampton,True
passenger400,1,3,7.925,S,Third,,Southampton,True
passenger637,0,2,26.25,S,Second,,Southampton,False
passenger827,1,2,37.0042,C,Second,,Cherbourg,False
passenger219,0,2,10.5,S,Second,,Southampton,True
passenger619,0,2,10.5,S,Second,,Southampton,True
passenger772,0,2,10.5,S,Second,E,Southampton,True
passenger714,0,2,13.0,S,Second,,Southampton,True
passenger849,1,1,89.1042,C,First,C,Cherbourg,False
passenger266,0,3,39.6875,S,Third,,Southampton,False
passenger852,0,3,15.2458,C,Third,,Cherbourg,False
passenger629,0,3,7.7333,Q,Third,,Queenstown,True
passenger167,0,3,27.9,S,Third,,Southampton,False
passenger23,1,1,35.5,S,First,A,Southampton,True
passenger487,0,1,29.7,C,First,B,Cherbourg,True
passenger669,1,1,52.0,S,First,C,Southampton,False
passenger470,0,3,7.25,S,Third,,Southampton,True
passenger773,0,3,7.225,C,Third,,Cherbourg,True
passenger680,0,3,8.1375,Q,Third,,Queenstown,True
passenger647,1,1,35.5,C,First,A,Cherbourg,True
passenger346,1,2,13.0,S,Second,,Southampton,True
passenger698,0,1,110.8833,C,First,C,Cherbourg,False
passenger554,1,3,7.775,S,Third,,Southampton,True
passenger817,0,2,37.0042,C,Second,,Cherbourg,False
passenger496,1,1,78.2667,C,First,D,Cherbourg,False
passenger453,1,1,89.1042,C,First,C,Cherbourg,False
passenger334,1,1,133.65,S,First,,Southampton,False
passenger268,1,1,153.4625,S,First,C,Southampton,False
passenger844,0,3,8.6625,S,Third,,Southampton,True
passenger437,1,2,18.75,S,Second,,Southampton,False
passenger348,1,3,15.9,S,Third,,Southampton,False
passenger220,1,3,8.05,S,Third,,Southampton,True
passenger232,0,2,13.5,S,Second,,Southampton,True
passenger419,0,3,24.15,S,Third,,Southampton,False
passenger444,1,3,8.1125,S,Third,,Southampton,True
passenger391,1,3,7.7958,S,Third,,Southampton,True
passenger77,0,3,8.05,S,Third,,Southampton,True
passenger82,1,3,7.7875,Q,Third,,Queenstown,True
passenger816,0,3,7.925,S,Third,,Southampton,True
passenger753,0,3,7.8958,S,Third,,Southampton,True
passenger810,0,3,7.8875,S,Third,,Southampton,True
passenger33,0,2,10.5,S,Second,,Southampton,True
passenger871,1,1,52.5542,S,First,D,Southampton,False
passenger831,1,2,18.75,S,Second,,Southampton,False
passenger174,0,1,30.6958,C,First,A,Cherbourg,True
passenger585,1,1,79.65,S,First,E,Southampton,False
passenger225,0,3,9.35,S,Third,,Southampton,True
passenger286,1,3,9.5,S,Third,,Southampton,True
passenger340,1,2,26.0,S,Second,F,Southampton,False
passenger277,0,2,0.0,S,Second,,Southampton,True
passenger642,0,3,27.9,S,Third,,Southampton,False
passenger494,0,3,8.05,S,Third,,Southampton,True
passenger7,0,3,21.075,S,Third,,Southampton,False
passenger228,0,2,13.0,S,Second,,Southampton,True
passenger602,0,1,42.4,S,First,,Southampton,True
passenger124,0,1,77.2875,S,First,D,Southampton,False
passenger37,0,3,8.05,S,Third,,Southampton,True
passenger708,1,1,151.55,S,First,,Southampton,True
passenger721,0,3,7.0542,S,Third,,Southampton,False
passenger270,0,1,31.0,S,First,,Southampton,True
passenger639,0,3,16.1,S,Third,,Southampton,False
passenger299,1,1,247.5208,C,First,B,Cherbourg,False
passenger48,0,3,21.6792,C,Third,,Cherbourg,False
passenger20,0,2,26.0,S,Second,,Southampton,True
passenger108,0,3,7.8958,S,Third,,Southampton,True
passenger515,0,1,34.0208,S,First,D,Southampton,True
passenger385,0,2,73.5,S,Second,,Southampton,True
passenger141,1,3,7.75,S,Third,,Southampton,True
passenger864,0,2,13.0,S,Second,,Southampton,True
passenger530,1,2,26.0,S,Second,,Southampton,False
passenger558,1,1,79.65,S,First,E,Southampton,False
passenger812,0,2,10.5,S,Second,,Southampton,True
passenger414,1,3,7.925,S,Third,,Southampton,True
passenger102,0,1,77.2875,S,First,D,Southampton,False
passenger154,0,3,7.3125,S,Third,,Southampton,True
passenger704,0,3,7.8542,S,Third,,Southampton,False
passenger832,0,3,7.2292,C,Third,,Cherbourg,True
passenger405,0,2,21.0,S,Second,,Southampton,False
passenger21,1,2,13.0,S,Second,D,Southampton,True
passenger547,1,2,13.8625,C,Second,,Cherbourg,True
passenger51,0,3,7.8,S,Third,,Southampton,True
passenger572,1,1,26.3875,S,First,E,Southampton,True
passenger368,1,3,7.75,Q,Third,,Queenstown,True
passenger171,0,3,29.125,Q,Third,,Queenstown,False
passenger161,1,2,15.75,S,Second,,Southampton,True
passenger11,1,1,26.55,S,First,C,Southampton,True
passenger163,0,3,8.6625,S,Third,,Southampton,True
passenger381,1,3,15.7417,C,Third,,Cherbourg,False
passenger298,1,1,30.5,S,First,C,Southampton,True
passenger549,1,2,36.75,S,Second,,Southampton,False
passenger873,0,3,9.0,S,Third,,Southampton,True
passenger227,0,3,7.25,S,Third,,Southampton,True
passenger259,1,2,26.0,S,Second,,Southampton,False
passenger366,1,1,75.25,C,First,D,Cherbourg,False
passenger6,0,1,51.8625,S,First,E,Southampton,True
passenger170,0,1,33.5,S,First,B,Southampton,True
passenger125,1,3,11.2417,C,Third,,Cherbourg,False
passenger363,0,3,7.05,S,Third,,Southampton,True
passenger70,0,2,10.5,S,Second,,Southampton,True
passenger699,0,3,7.65,S,Third,F,Southampton,True
passenger571,1,1,51.4792,S,First,C,Southampton,False
passenger552,0,3,7.8292,Q,Third,,Queenstown,True
passenger776,0,3,7.75,Q,Third,F,Queenstown,True
passenger457,1,1,51.8625,S,First,D,Southampton,False
passenger139,0,1,79.2,C,First,B,Cherbourg,True
passenger153,0,3,14.5,S,Third,,Southampton,False
passenger426,1,2,26.0,S,Second,,Southampton,False
passenger766,0,1,39.6,C,First,,Cherbourg,True
passenger739,0,3,7.8958,S,Third,,Southampton,True
passenger634,0,3,27.9,S,Third,,Southampton,False
passenger430,1,1,26.55,S,First,C,Southampton,True
passenger269,1,1,135.6333,S,First,C,Southampton,True
passenger199,0,2,13.0,S,Second,,Southampton,True
passenger574,0,3,8.05,S,Third,,Southampton,True
passenger466,0,2,0.0,S,Second,,Southampton,True
passenger573,1,3,7.75,Q,Third,,Queenstown,True
passenger847,0,3,7.8958,C,Third,,Cherbourg,True
passenger223,0,3,7.8958,S,Third,,Southampton,True
passenger123,1,2,13.0,S,Second,E,Southampton,True
passenger605,0,3,15.55,S,Third,,Southampton,False
passenger352,0,3,7.2292,C,Third,,Cherbourg,False
passenger774,1,2,23.0,S,Second,,Southampton,False
passenger424,0,3,20.2125,S,Third,,Southampton,False
passenger555,0,1,26.55,S,First,,Southampton,True
passenger137,0,1,53.1,S,First,C,Southampton,False
passenger779,1,1,211.3375,S,First,B,Southampton,False
passenger367,1,3,7.2292,C,Third,,Cherbourg,True
passenger194,1,1,27.7208,C,First,B,Cherbourg,True
passenger593,0,3,7.75,Q,Third,,Queenstown,False
passenger239,0,2,12.275,S,Second,,Southampton,True
passenger193,1,2,26.0,S,Second,F,Southampton,False
passenger186,1,3,15.5,Q,Third,,Queenstown,False
passenger133,1,2,26.0,S,Second,,Southampton,False
passenger47,1,3,7.75,Q,Third,,Queenstown,True
